不可思议,5.4,7.2
不平,3.6,5.8
不甘,3.2,6.4
不安,3.8,5.4
不利,3.6,5.6
不足,4.2,4.2
不定,4.2,3.8
不宜,3.8,4.4
不幸,2.6,6
不拘小节,6.4,4.2
不服,3.4,6.6
不知所措,3.2,6.2
不便,4,4.4
不耐,4,4.4
不耐烦,3.6,6
不准,3.6,6.2
不屑,3,6
不悦,3.2,6
不爽,2.8,7.2
不祥,2.8,5.2
不符,3.8,4
不顺,3.6,4.6
不当,3.4,5.6
不解,4.2,4.2
不满,3.2,6.4
不适,3.6,4.6
正,6.6,5
多余,4,4
好,6.8,5.2
否定,3.4,5.4
否认,3.6,5.2
足够,5.8,4
肯定,6.8,6
哇,6,6.6
哎呀,4.8,6.8
恰好,6.4,5
耶,7.2,7.2
单独,4.4,3.6
无力,3.2,3.6
无足轻重,4.4,4
无情,2.6,5.8
无理,2.6,6.8
无暇,3.6,5.6
无趣,3.4,5.2
无礼,2.8,7
想,5.2,3.6
过分,2.8,6.8
对,6.4,4.8
认真,7,5
嘻,6.6,5.8
嘻嘻,7,6.2
随便,4.2,5.2
随意,5.6,4.2
丰富,6.8,5.6
愿意,6.8,5
小心,4.6,6
分享,6.8,4.6
支持,7.2,5
支撑,5.6,5.6
付出,5.8,5.6
失去,3.2,6.4
失败,2.2,7.2
打,3.2,6.6
同意,6.4,4.4
成功,8.2,6.6
死,1.2,5
吸引,6,6.2
希望,7,5.2
忘记,4,4.6
协助,6.6,4.6
抱,5.8,5.2
玩,5.6,5.8
信任,7.8,5.8
相信,7.2,5.4
讨厌,2.6,6.6
贡献,7.4,5.6
逃避,3,6
喜爱,7.2,6.2
喜欢,7,5.8
丧失,2.6,5.8
期望,6,5.2
答应,5.8,5
干,1,8.8
爱,8.2,5.4
爱好,7,5.6
感谢,7.4,5.6
损失,3.2,5.2
经历,5,4.8
遇到,5,4.2
游戏,5.8,4.8
鼓励,7,6.2
适合,5.6,3.8
担心,3.4,6.6
输,3,4.4
错过,3.6,4.4
帮忙,6.4,5
帮助,6.6,5.6
应付,4.2,5.4
谢谢,6.6,5.8
怀念,6,5.6
关心,6.4,6
关怀,6.8,6.4
赢,7.2,7
赢得,7.4,7
下流,2.2,7.6
王八蛋,1.4,8.6
他妈的,1.4,8.4
白目,2.2,7.2
白痴,2.2,7.4
呸,2.4,7.4
垃圾,2.2,7.4
怪胎,2.4,7
放屁,2.6,7
狗屁,2.4,7.6
淫妇,1.8,7.8
混蛋,2,8
笨蛋,3,5.6
妈的,2.2,7.6
愚蠢,2.8,6
该死,2.6,7.6
贱,2.2,7.2
贱人,2,7.8
贱货,1.8,8.2
操,2,8
荡妇,1.8,7.8
蹩脚,3.6,5.2
坏蛋,3,6.4
烂货,2.2,6.8
白痴,2.4,6.4
八卦,3.4,4.6
仇人,2.2,7.2
仇恨,2.2,7.8
仇敌,2,7.6
分担,5.6,4.4
友,6.4,4.2
反驳,3.8,6.4
打岔,3.8,4.2
打架,2.6,7.6
打断,4,4.6
交往,6.4,5.2
同情,5.4,4.2
安心,5.6,2.4
伴侣,7,4.6
忌妒,3,6.8
批评,3.2,7.6
抗议,3.2,7.8
取笑,3.6,6.2
坦白,6,5.6
奉承,3.6,5.6
奉献,6.8,6
抱怨,2.8,6.6
拒绝,3,6.6
放心,6.2,3.2
朋友,6.8,4.2
争吵,3.4,6.6
争论,3.8,6.6
知己,7.2,4.8
侮辱,2.4,7.6
信服,6.4,5.4
信赖,7.2,5.4
冒犯,3.2,7
怨恨,2,7.8
指责,3.4,6.8
原谅,5.8,4.2
辱骂,2.4,7
斗争,3,7.4
情人,6.8,6.6
甜心,6.8,6
责备,3.4,6.4
逗弄,5.4,5.4
插嘴,3.6,5.6
款待,6.2,5.4
诅咒,2.2,7.4
开玩笑,6.2,5.2
闲话,4,4.4
爱人,7.2,6.8
爱恋,7.6,6.8
隔离,3.4,5
嘉奖,6.8,5.8
称赞,6.8,6
说服,5,4.2
说长道短,3.2,5
驳斥,2.8,7.2
嘲弄,2.6,6.2
嘲笑,2.6,6.6
嘲骂,2.6,7.4
嘲讽,2.6,7.4
宽恕,6.2,4.6
庆典,6.6,5.6
庆祝,7,6.4
怜悯,5.8,5
挚友,7.4,5.2
敌人,3,6
乐意,6.8,5.4
热爱,7.2,7
调情,5.4,6.8
谄媚,3.4,5.6
亲切,7,5
亲爱,7.4,6
亲爱的,7.2,6.4
帮手,6.4,4.8
戏弄,3.4,6.2
钟爱,7,6.6
归咎,3.2,5.6
离婚,2.4,5.8
怀疑,3.8,4.4
讥,3.2,6
宝贝,7.4,6.4
饶恕,5.6,5
谴责,3,7.2
欢迎,7.2,6.4
欢送,6,6.2
欢聚,7.2,6.2
恋人,7,5.8
恋爱,7.6,6.4
赞美,7,5.6
赞扬,7.6,6.6
赞誉,7.6,6.8
ㄏㄏ,5.8,4.6
一无所有,2.4,4.4
七窍生烟,2.2,7.8
了不起,7,6.4
人心惶惶,2.6,7.4
上级,4.8,4.4
上当,3.2,6.2
下定决心,6.2,6.8
口吃,3.8,4
大方,6.4,5.2
大笑,6.4,6.8
大胆,5.4,6.2
小气,3.6,4.6
小偷,3.2,5.6
才能,6.6,4.6
才智,7,4.6
不仁,3,5.8
不贞,2.8,6.8
不顾一切,4.6,7.8
中断,4.6,3.6
仁心,7.4,5.2
仁术,7.4,5
仁爱,7.8,5.2
仁慈,7.8,5.2
仁义,7.4,5.4
仇,2.4,6
仇杀,1.4,8.2
仇视,2,7.6
元凶,2.2,6.4
内疚,3,5
公愤,2.4,8
凶,2.8,7.2
分心,4,4.4
分手,2.8,6.4
分歧,3.2,5.6
分红,6.2,4.4
分散,4.4,3.8
分裂,3.6,5.8
勾引,3.8,6.4
厄运,3,5.8
及时,6.4,5.4
反抗,3.6,6.6
反叛,2.8,6.4
反派,3.2,5
反感,3.6,5.2
反对,3.4,6.2
天才,6.8,5.4
天堂,7,5.4
天资,5.8,4.4
天赋,6,4.4
幻想,4.6,4.2
引人注目,5.8,6.4
引诱,3.8,6.4
心灰意冷,2.8,3.6
心神不定,3.2,6.6
心神不宁,3.2,6.8
心情,5,3.6
心痛,2.6,7.2
心爱,7.2,6.4
心烦意乱,3,7.4
心碎,2.2,8
心酸,2.8,6.8
支配,4.6,5.2
欠债,3.4,4.6
毛骨悚然,2.2,8
火热,6.4,7.2
世仇,1.8,8.2
乏味,3.4,3
仔细,6.2,3.8
充沛,6.6,6
出色,7.2,5.6
功劳,6.8,5.4
古怪,4.2,4.8
可口,6.4,5.8
可怕,3.4,6.8
可耻,2.4,7.2
可笑,3,6.6
可悲,2.6,6.4
可恶,2.4,7.2
可爱,7,6.2
可鄙,2.4,7.4
可憎,2.4,7.2
可怜,3.6,5.2
可靠,6.8,5.2
外向,6,5.8
外行,3.8,4.6
外伤,3.6,6.2
失眠,3,3.6
失控,2.4,7.8
失望,3,5.6
失误,3.6,5.4
平安,7.2,3.4
平和,7,2.8
平庸,4.6,3
平静,6.4,2.4
平稳,5.8,3.4
打仗,3,7.6
打倒,3.4,6.6
打破,4,6.2
打情骂俏,4.6,6.6
打败,6.2,6
打击,4.2,6.8
打扰,3.6,5.6
打搅,3.6,5.6
末日,1.8,6.8
正面,6.6,4.6
生命力,6.8,5.8
生气,5.4,5.8
生气勃勃,7,6.8
生病,3.4,4
生动,6.4,5.8
生疏,3.8,3.4
生厌,3.4,5.8
用力,5,7
目瞪口呆,5,7.4
矛盾,4.2,4.6
丢人,2.8,6
丢人现眼,2.4,6.8
丢下,2.8,5.4
丢弃,3,5.6
丢脸,3,5.8
交战,4,7.4
任性,3.4,5.4
凶,3.4,7.2
光亮,5.8,4.6
光荣,6.8,6.2
光辉,6.6,5.8
劣,3,5
危,3.2,6.6
吃醋,3.6,6.6
吃惊,3.8,7.8
合宜,6.2,4.4
回春,6.2,4.8
多情,4.2,6
多疑,3.8,6
好玩,6.2,5.8
好笑,6.2,6.4
好处,6.2,5
好棒,7.2,6.6
好运,6.6,5.2
妄想,3.2,6
安全,6.4,4.4
安逸,6,3.4
安宁,6.2,2.8
安静,5.6,2.4
安稳,6,2.6
成见,3.8,5.2
成就,7,6.2
收获,6.8,5.6
曲解,3.4,6
有力,6,6
有用,6.4,5.2
有利,5.8,5.4
有助,6.4,5.2
有害,3.4,5.6
有效,6.6,5
有益,6.6,5
有趣,7,5.6
有钱,6.4,5.4
次要,4.6,5
次等,4,4.6
死人,2.2,7
死亡,2.2,6.8
死不,3.8,5.6
死心,2.4,5.8
死刑,2.4,7.2
死气,3,5.8
死期,2.8,6.6
死当,3,6.4
死路,3.2,5
死对头,2.6,7.4
污秽,2.4,7.2
灰心,3.6,4.6
百感交集,3.4,7.2
自大,3,6.6
自甘堕落,2.6,5.2
自由,6.6,5.2
自在,6.8,4.6
自私,3.2,4.6
自卑,2.6,3.8
自信,7,5.6
自负,4.6,6
自责,3.6,5.2
自尊,5.4,4.8
自豪,6.6,6
自鸣得意,4.2,5
自暴自弃,2,7
至高无上,7.6,6.8
至善,7.6,6
色情,2.8,6.2
伶俐,6.8,5
低沉,4.6,3.4
低能,2.6,4.6
低能儿,2.6,4.8
低迷,3.6,3.2
低落,3.8,3
占便宜,3.6,4.4
作呕,2.6,7.4
作弊,2,6.4
克制,5,5
免费,6.2,4.8
冷,3.6,4.4
冷淡,3,3.6
冷酷,2.4,5.4
冷静,5.2,4.4
利己,5.6,4.8
利益,6.2,5
利润,6.6,5.4
吝啬,3.4,4.6
含糊,3.8,4.2
吹毛求疵,3.2,5.6
吻,7.2,7.6
呆,3.8,3.8
困,3.8,4.4
坎坷,2,4.8
壮阔,6.8,6
壮丽,7,6.4
壮观,7,6.8
妓女,2.8,4.8
妨害,2.6,6.2
妨碍,3.2,5.8
孝,7.2,4
孝顺,7.4,5.4
孝敬,7.4,5.4
完美,7.6,6.4
完备,6.8,4.8
完善,6.8,4.6
宏大,7,6
宏伟,7.2,7
屁眼,1.8,5.6
岔开,4,4.2
巫婆,3.6,5
庇护,6.2,5.6
弄痛,3,6.4
弄坏,3.2,6
忍,3.8,5
忐忑,3.8,6.8
忘恩负义,1.8,7.8
快乐,7.2,6.4
扭曲,3.6,5.2
扶持,6,4.2
批判,2.6,6.8
把握,5.8,4.6
抑制,4.8,5.4
抑郁,2.4,5.8
投入,6,5.2
抗争,3.4,7.2
折磨,2.4,7
改善,6.6,5.2
改进,6.2,4.6
攻势,5.2,6.4
攻击,3.6,7.4
决心,6.4,6.6
决定,6,7
沉重,3.2,5.8
沉迷,3,5.2
沉着,6.4,3.2
灾,2,5.6
牢骚,3.4,6.2
狂怒,1.6,8.6
狂笑,8.2,8.2
狂喜,8.6,8.8
狂暴,1.8,8.8
狂热,4.6,8.8
狂躁,2.2,8.8
私生子,3.2,4
肝肠寸断,1.6,8
良,6.4,4.8
走运,7,5.8
辛酸,2.8,6
邪恶,2.4,6.6
享受,6.6,4.8
佳,6.4,4.6
使劲,4.6,6.4
依恋,5.6,5.6
典范,7.2,5.4
刺眼,3.2,5.6
刺痛,2.8,6.6
刺伤,2.8,7
刺激,4.2,8
刻薄,2.8,6.6
卑劣,2,8
卑鄙,1.8,8.2
受不了,3,7.4
受苦,3,6
受虐,1.8,8
受害,1.8,7.8
受惠,7,5.4
受伤,2.8,5.4
受罪,2.8,6.8
受骗,3,6.4
周到,6.6,4.4
呵呵,6,4.6
呼天抢地,1.8,8.8
命运,4.8,4.4
咆啸,3.6,8
和平,6.4,3.2
和善,7,3
和煦,6.8,4
和睦,6.6,4.2
和谐,7.2,3.4
和蔼,7.4,3.4
咒骂,2.4,7.4
固执,3.4,5.4
坦率,6.6,4.6
坦诚,7,4.2
奇怪,4.2,5.2
奇特,5.4,5.4
孤,3.4,4.6
宜人,6.4,3.8
幸运,7.2,5.4
幸福,7.8,4
忠,7,5.4
忠心,7.4,6.2
忠孝,7.4,5.8
忠诚,7.2,5.8
忠实,7,5.8
忽略,4,3.8
忽视,3.2,4.8
怕,3.2,6.4
怕生,4,5.2
怕羞,4.2,5.4
怡人,6,4.2
性情,5.2,4.4
性骚扰,2.6,6.6
怪,3.4,4.8
怪异,3.6,5
怪诞,3.4,5.8
承担,5.2,5.4
承诺,6.6,5.2
抨击,2.8,7.2
抱歉,4,3.8
抵制,3.2,6.6
拉紧,5.2,5.6
抛弃,2.6,5.8
拙劣,2.6,6.2
放任,3,6.2
放弃,2.6,5.8
放肆,2.4,7.8
放纵,2.8,6.8
放松,6.2,2
昂贵,3.8,4.4
明亮,6.6,4
明智,7.2,4.4
昏沉,3.2,3.4
昏乱,3.4,5.2
昏头,3.4,4.8
易怒,3.2,6.6
服从,5.4,3.8
枉然,3.4,4.2
果断,6,6
欣欣,6.4,6.4
欣喜,7,7
欣然,6.4,6.2
欣慰,6.2,4.6
欣赏,6.8,5.6
歧视,2.8,6.8
沮丧,2.8,5.2
治疗,5.4,3.8
沾沾自喜,4.6,6
泣,3.4,5
玩耍,6.2,5.8
玩笑,5.6,6
玩乐,6.2,6.6
知足,6.6,4.2
知识,6.6,3.4
空洞,4,3.2
空虚,3,4.2
花招,4,4.8
长处,6.8,4.8
非人,3.4,5.8
非礼,2.2,7.6
非难,3.2,5.6
侵犯,2.4,6.2
侵占,2.6,6.6
侵害,2.4,7.2
侵略,2.4,7.8
侵扰,3,6.8
侵袭,2.6,7.8
I促,4,5.6
俊美,6.6,4.6
俗,3.8,4.6
俗气,3.8,4.4
保卫,5.8,6.4
保证,6.6,6.2
保护,6.8,6.8
信心,7.4,5.4
信奉,6.6,5.2
信义,7,5.4
信实,6.6,4.8
信誉,7,5.4
冒险,4.8,7.6
冠军,8,7.4
勇气,7.6,6.8
勇敢,7.4,6.6
勉强,3.8,5
叛乱,2.4,7.8
咬牙切齿,2.2,8.2
咯咯笑,6.4,5.8
哀求,2.8,5.6
哀怨,2.8,6
哀凄,2.6,5.6
哀痛,2.4,6.6
哀伤,2.4,5.4
哀愁,2.4,5.4
哀号,2,7.4
哀恸,1.8,7.6
品行,5.4,4.6
品德,5.2,4.2
哄骗,3.4,5.6
哈,5.8,5.2
哈哈,6.6,6
威胁,3,7.4
威严,5.4,5.4
帅,6.6,5.2
帅气,7,6
幽默,7,5.6
后悔,3.2,4.2
怒,2.4,7.2
怒不,3.8,5.8
怒火,2.4,7.6
怒斥,2,8.6
怒目,2.6,8
怒色,2.8,7.4
怒吼,2,8.8
怒气,2.4,7.8
怒视,2.4,8
怒骂,1.8,8.8
思,4.4,4.8
思念,4.4,4.4
思乡,3.8,5.8
恍惚,3.8,3.8
恨,2.4,7.2
恬,5.4,3.6
恰当,6,4.2
拮据,3.2,3.8
拯救,6.4,6.6
拷打,2.6,7.6
拷问,2.8,7
拼命,5.2,7.6
挑剔,3.8,5.4
挑战,6.2,6.8
挑衅,3.2,6.8
挖苦,3.4,5.8
柔,5.2,3
柔软,5.8,3.4
柔顺,5.8,3.2
柔肠寸断,1.8,7.8
歪曲,3.6,4
毒,2.8,5.8
泄气,3.6,3.6
活力,6.6,6.2
活泼,6.8,6.4
活跃,6.4,7.6
流行,5.6,5.2
流泪,3.2,5.4
炫耀,3.8,6
为难,3.4,4.8
狠心,2.4,7.4
珍奇,6.8,5.8
珍惜,7,5
珍视,7,5.2
珍贵,7,5.4
珍爱,7.2,6
珍藏,6.6,5.4
盼望,6.2,5.4
看不起,3.2,6
约束,4.6,4.6
美人,6,5.4
美好,6.8,5.6
美妙,7,6.2
美味,6.8,5.6
美梦,6.8,5.8
美满,7.4,6.4
美德,7.4,5.2
美丽,7.2,5.8
背叛,2,8
胡扯,3,7.6
致命,2,7.8
苛求,3,6.6
若无其事,4,4.6
苦,3.2,4.6
苦恼,3.2,5
英俊,6.6,4.4
英勇,7,6.6
英雄,7.6,7
虐待,2.2,7.4
负心,2.4,6.2
负债,3.2,6
负担,3.6,5.2
迫害,2.2,7.4
重大,4.8,7.2
重担,3.8,7.2
陌生,4,3.8
降级,3.6,5.8
面临,4.8,5.8
风险,3.8,6.4
首要,5.2,5
首创,5.4,5.6
倒霉,3.2,5.4
倒霉,3.2,5.4
倔强,4.2,6.4
值得,6.4,5.6
值钱,6.2,5.6
凌乱,3.4,6
剥夺,3,6.6
哭泣,2.8,6.6
哭喊,2.8,7.8
哭诉,2.8,6.8
哭闹,2.8,7.4
哽咽,3,6.4
唐突,3.6,5.4
奚落,3.2,6
娱乐,6.4,6.2
害怕,3.2,5.6
害羞,4.2,4.6
容光焕发,7.2,5
容忍,3.6,5.6
差,3.4,4.6
差劲,3.4,6.8
弱,3.8,4.6
弱点,3.8,4.8
徒劳无功,3.4,4.4
恐怖,3,6.8
恐慌,3,7
恐吓,2.4,7.4
恐惧,2.6,6.8
恩典,6.8,4.6
恩惠,6.4,5
恭维,5,4.6
悔之,4.2,5.6
悔改,4,6
悔恨,2.8,7.4
悔悟,3.2,7
悔意,3,5.8
悔过,2.8,6.2
挫折,3,5
挫败,3,6.8
振奋,7.2,7
捐赠,6.4,5.2
效率,6.2,4.8
时髦,6.4,5.2
书呆子,3.6,4.2
栩栩如生,6.8,5.4
气急败坏,2.4,7.8
气愤,2.4,7
气馁,2.8,4
浪漫,6.6,6
消沉,3.4,4.2
消极,3.2,4
消灭,3.6,6
狭小,3.8,4
狭隘,3.8,4.2
疲乏,3,3.8
疲于奔命,2.4,6
疲倦,3,4
疲弱,3,3.6
疲累,3,3.6
疲劳,3,3.8
疲惫,3,3.6
疼痛,3.4,6
疼爱,7,6.4
益处,6.6,5.2
真心,7,5.6
真相,6.4,5.4
真理,6.4,5.6
真诚,7,5
真实,6,4.6
破灭,3,7
破坏,2.8,6.8
祝贺,7,6.2
祝福,6.6,5.8
神经病,2.8,6.4
神经质,3.2,5.6
神圣,7.2,5
笑,6.8,5.8
笑死,5.4,7
笑容,7.2,5.2
笑话,5.8,4.8
纷争,3,6.6
缺少,3.6,4.4
缺乏,3.4,4.6
缺失,3.6,4.4
缺陷,3,4.6
缺德,2.8,6.8
缺憾,2.6,6.2
缺点,3.6,4.6
能干,6.8,6
胁迫,2.6,7.2
脆弱,3.4,4.6
臭,3.8,4.6
臭味,3.8,5
臭气,3.6,5.4
茫然,3.4,3.4
草率,3.4,4.8
荒唐,2.8,6.8
荒谬,2.6,7.2
虔诚,6.6,5.4
衰,3.6,4.2
衰老,3.4,4.2
衰弱,3.2,5
衰退,3.2,5
衰败,3,6.2
衰微,3.2,4.8
衷心,6.6,5.4
讨喜,6.8,6
回避,3.6,5
迷人,6.8,6.2
迷失,3.4,4.6
迷惘,3.4,5
迷惑,3.4,4.6
迷乱,3.2,6.2
迷路,4.2,5.2
迷恋,4.4,6.2
逃离,4,6.2
逆向,4,4.4
高贵,6.6,4
高阶,5.8,3.8
高雅,7,4
高傲,3.2,6
高兴,7,6.6
假装,4.2,4.6
伟大,7.2,6.6
偏心,3.2,5.4
偏好,5.2,4
偏见,3.4,5.6
偏执,3.6,5.6
偏爱,5,4.8
偷,2.4,5
偷取,2.4,6.4
偷窃,2.4,7
伪造,2.6,6
动人,6.8,6.2
动听,7,6.6
啜泣,3,6.8
执拗,3.6,6
坚决,5.4,6.2
坚定,6.2,6.4
坚强,6.8,6.2
娼妓,2.8,5.8
寂寞,3.2,4.6
寂寥,3.2,2.4
崇拜,6.4,6.8
崇高,7.2,6.4
强,6.4,5.4
强力,6.2,6.4
强壮,6.8,5.4
强奸,1.4,8.4
强迫,2.8,7.4
强烈,4.8,7.8
强健,6.6,6.4
强硬,4.8,7
强暴犯,1.4,8.6
得意,5.8,5.4
得意洋洋,4.6,6.6
得罪,3.2,5.6
得体,6.2,4.6
徘徊,4.6,4.6
从容,5.8,3.4
悠闲,6.4,2.6
患病,2.8,4.8
情绪,4.6,5.4
惋惜,3,4.4
扫兴,3.2,4.8
排斥,3.2,6
挣扎,3.2,7.4
挂念,4.8,5.2
挂虑,4.8,6
控制,4.2,5
推崇,6.4,5.8
敏捷,6.2,5.4
敏感,4.6,5
敏锐,6.4,5.2
救,5,6.4
败坏,2.6,7.6
欲绝,2,8.2
杀,1.6,7.8
杀死,1.4,8.2
淘气,5.6,5.6
泪流满面,2,7.8
泪珠,3.6,4.6
淡漠,4,2.2
净土,5.4,3.2
深思,5.2,2.6
深情,7.2,5.2
深爱,8,6.4
混帐,1.6,8
混乱,3,6.4
淹没,3.6,5.6
清白,6.2,3.4
清楚,5.6,3.8
爽,7.2,7.2
爽心,7.2,7
爽快,7.4,6.8
爽约,3.2,5.4
爽朗,6.8,5.2
牵挂,4.4,5
猛烈,4.6,8.4
猜疑,3.2,5.6
理智,6.2,3.6
理想,6.8,5
甜言,6.4,5
甜美,6.6,3.6
甜密,7,5
甜甜,6.4,4.4
甜蜜,6.8,5.4
甜头,5.8,4.6
疏忽,3.4,5.4
疏漏,3.4,5.4
盛怒,1.8,8.6
眼花撩乱,4.4,5.6
眼花缭乱,4.4,5.6
眼泪,3.4,5.8
众怒,2,8
窒息,2.2,4.8
窒碍,2.6,6.8
笨,3.4,5.4
笨手笨脚,3.2,6
笨拙,3.2,4.8
粗心,3.8,4.8
粗俗,3,5.6
粗野,3,6.8
粗暴,2.2,8.2
粗鲁,3.4,6
累,3.6,4.6
细心,5.2,3.6
统治,5.2,6.2
羞怯,3.6,4.4
羞耻,2.6,7.4
羞辱,2,7.8
羞愧,2.8,7.2
羞愤,2.2,7.8
庄严,5.8,3.4
处罚,3.4,6
设防,5,4.8
许诺,5.8,4.8
贫困,3.2,4.4
贫苦,2.8,5.4
贫病,2.8,4.6
贫穷,2.8,4.6
贫贱,2.4,7.4
贪,3.2,5.4
贪心,3,5.6
贪生,3,5.4
贪污,1.8,7.6
贪求,3.2,5.8
贪念,3.6,5
贪婪,2.8,6.6
贪图,3,5.8
贪欲,3.6,5.6
软弱,3.6,3.6
逗趣,6.4,5.2
逝世,2.4,4.2
造反,2.2,7.8
野蛮,3,6.8
阴沉,3.2,3.4
阴森,3.2,3.6
阴暗,3.6,3.8
陈腐,2.8,5
陶醉,6.4,4.4
麻木,4,3.2
麻烦,3.6,5
凯旋,7.2,7
创伤,2.8,6.2
胜利,7.8,7.2
胜过,6.2,5.8
博爱,6.8,4.6
博学,6.8,4.8
善心,6.8,4.2
善良,7.4,4.4
善意,6.8,5
喜上眉稍,7.4,6.8
喜出望外,7.8,7.6
喜形于色,7.4,6.8
喜怒哀乐,5,5.2
喜怒无常,3.4,5.8
喜宴,6.6,6.2
喜悦,7.4,6.2
喜气,7,5
喜从天降,7.4,7
喜新厌旧,3.4,5.2
喜极而泣,8.2,8.4
喜剧,6.8,5
喜庆,7.4,6.6
喝采,7.4,7
丧心,3,6.2
丧生,1.8,6.6
丧志,2.4,5.4
丧气,3,5
丧偶,2.6,6.2
丧尽,2.8,7
丧胆,2.8,7.6
丧礼,2,4.4
报仇,2.8,8
报复,2.2,7.6
富有,7.2,4.8
富裕,7.4,5.4
寒酸,3.6,4.2
尊重,6.8,5.2
尊贵,6.8,5.2
尊敬,7,5.4
尊荣,7.6,5.2
尊严,6.2,5.2
寻欢作乐,4.2,6.4
就绪,5.2,3.6
复仇,2.2,7.6
悲哀,2.6,4.6
悲苦,2.4,5
悲凄,2.2,4.8
悲情,3,5
悲喜,4.4,5.4
悲痛,2.6,6.8
悲伤,2.8,6
悲愁,2.8,4.6
悲惨,2.2,7
悲恸,1.8,8.4
悲剧,2.2,6.4
悲愤,2.4,7.8
悲悯,2.8,5
悲欢,4.8,5.4
悲观,3.2,4.4
闷,3.8,4
闷闷不乐,3.6,4
恶人,2.8,6.2
恶化,2.8,6.2
恶劣,2.6,6.8
恶言,2.6,6.6
恶性,2.8,6.4
恶毒,2,7.4
恶狠狠,2.4,7.8
恶耗,2,7.4
恶臭,2.8,6.6
恶斗,2.6,7.6
恶意,2.8,6.8
恶运,2.8,6
恶梦,3,6.8
恼,3.2,6.6
惶,3.4,6.4
愉,5.8,5.2
提防,4.6,6
散漫,3.4,4
景仰,6.8,5.8
智慧,7.4,4
最好,6.8,6.2
最佳,7.2,6.4
期盼,6.2,6
棒,6.8,5.8
棘手,3.4,6.2
欺,3.2,6.2
钦佩,7.2,5.8
残忍,2,7.8
残酷,1.8,8.2
残暴,1.6,8.8
渴求,5,6.8
渴望,5.6,5.8
无用,3.6,4.4
无助,3.4,4.8
无味,4.4,3.2
无奈,3.6,4.2
无知,3.6,4.4
无畏,6.6,6.4
无害,5.6,4.2
无效,4.2,4.4
无益,3.8,3.8
无能,3,6
无常,3.6,4.2
无望,2.8,4.8
无聊,3.8,3.4
无辜,4.4,4
无意义,4.2,4
无精打采,3.6,3.4
无忧无虑,7,3.6
无关紧要,4.6,3.4
无惧,5.8,5.8
焦急,3,7
焦虑,3.2,6.4
犹疑,4,5.2
犹豫,4.2,4.8
痛,3,6.2
痛不欲生,1.8,8.4
痛苦,2.4,6.8
痛哭流涕,1.8,8
发抖,3.4,6.2
发牢骚,3.6,6
发狂,2.6,7.8
发怒,2.4,8
发臭,3.2,5.8
发愁,3,6.2
盗,3,5.8
结巴,4,4.6
绝妙,6.8,6.8
绝望,2.2,6
脾气,4.8,4.4
舒服,6.6,3.6
舒适,6.8,3.6
华丽,6.8,5.6
着迷,5.6,7
虚心,6.2,2.6
虚弱,3,3.4
虚荣,3,6.2
虚荣心,3,6
诉苦,3.2,6.6
诈骗,2.6,7
费力,3.4,6.2
跛,3.2,5
跛脚,3.2,5.2
钝,3.8,2.6
开心,7.2,6.6
开明,7,5
开朗,7.2,5.4
闲散,4.6,2.2
阳光,7.2,5
隆重,6.6,7
雅致,6.8,4.4
顺利,7,5
乱,3.6,5.8
傲慢,2.8,6
传情,6.4,5.4
债务,3,5.2
伤,3.4,5.2
伤人,3.2,6.8
伤亡,2.2,7.4
伤天害理,1.4,8
伤心,3,6.2
伤害,2.8,6.6
伤神,3.4,5.6
伤痕,3.6,5
伤悲,3,6
伤残,2.8,5.8
伤痛,3,6.6
伤势,3.4,4.6
伤感,3.4,5.2
傻,3.6,4
傻子,3.6,4.2
傻笑,4,5.4
势利,3.2,5.4
呜咽,2.6,5.6
嫉,3,6.2
嫌,3,5.8
厢,4,4.4
微笑,6.4,4.6
微醺,5.8,5.2
想念,4.8,5.4
惹恼,3,7.2
愁,3.4,4.8
愚笨,3.2,4
爱心,7,4.6
爱情,7,5.8
爱慕,6.8,6.2
爱护,7,5.4
感恩,7.2,4.8
感情,5.4,5.2
感伤,3.8,5.4
感激,6.8,7.2
愧,3.4,6.2
慈祥,7,4.2
慈善,7,4.6
慈悲,5.6,5
慌,3.2,6.8
损人,3,6.2
损害,2.8,6.4
损伤,2.8,6.8
损坏,2.6,7.2
搏斗,3.2,7.2
敬畏,6.8,6.4
敬重,7,6
敬意,6.6,4.8
暖和,6.4,4
业障,3,5.8
极好,7.8,7.8
极端,4.4,7
极乐,6.8,6.6
毁掉,2.8,6.6
毁败,2.8,6.4
毁弃,2.8,6.6
毁伤,2.6,6.4
毁损,2.8,6.2
毁灭,2.8,7.6
毁谤,2.6,7.4
毁坏,3.2,5.8
温和,6,3.6
温柔,6.6,4.2
温情,6.6,4.8
温暖,7.2,4.2
温馨,7.4,4
滑稽,4.2,5
烦,3.4,5.4
烦人,3.4,6.2
烦心,3.2,6
烦忙,3.2,6.2
烦劳,3.2,5.8
烦闷,3,5.8
烦恼,3,6.2
烦乱,3,7.2
烦愁,2.8,6.8
烦琐,3.6,5.6
烦扰,3.4,6
烦杂,3.4,6
烦躁,3.2,7.6
痴狂,4,7.6
禁止,3.4,5.2
禁忌,3,5.2
罪,3,5.4
罪人,2.8,6
罪大恶极,1.4,8.8
罪犯,2.6,6
罪名,2.6,5.2
罪行,2.4,6
罪恶,2.2,7
罪过,2.6,6.4
罪孽,2,7.6
羡慕,6,5.6
义,6.4,6
义愤,3.2,7.6
万念俱灰,1.4,7.4
万岁,7.6,7.6
落伍,3.6,4.2
落空,3.4,5.8
解决,6.2,4.8
解脱,6.2,6
诧异,4.2,6.8
诡计,3.4,5.2
诙谐,6.4,4.6
夸大,3.6,5
诚,6.8,4.8
诚心,7,4.6
诚实,7.2,4.8
贼,2.6,6
躲避,3.6,4.8
遇难,2,6.4
过失,3,5.4
过错,3.2,5
违心,3,5.2
违犯,3,5.2
违抗,2.8,6.8
违法,2.4,6.6
违纪,2.6,5.6
违约,2.8,5.6
违背,3,4.8
违规,3.4,5.2
顽固,3.2,6.4
顽强,5,6.2
鼓舞,6.6,6.8
厌世,2.2,6.6
厌食,2.8,5.2
厌倦,3.2,4.2
厌恶,2.6,7.2
厌烦,3,5.6
叹,4,3.6
叹息,3.4,3.8
叹气,3.2,4
嫩,5.2,4.4
宁静,6.2,1.6
对抗,4,7.2
对质,3.8,7
惨,2.8,5
慢,4.4,2.8
慷慨,6.8,5.8
摧毁,2.8,7.2
荣幸,6.8,5.4
荣耀,7.6,7
荣誉,7.6,5.8
满足,7.4,4.6
满意,7.2,5.6
漂亮,7.2,6
漫不经心,3.2,3.4
琐事,3.8,4.6
琐碎,3.8,4.6
疑心,3.2,5.4
疑神,3.8,5.6
疑惑,3.8,4.8
疑虑,3.6,5
疑点,3.8,4.2
疑难,3.8,4.4
疑惧,3.8,6.2
疯,2.6,7.8
祸,3.2,6
福气,7,4.4
精力,5.4,4
精心,6.2,4.6
精美,6.4,4.2
精疲力尽,3,5.2
精疲力竭,3,5.4
精彩,7.6,7.6
紧张,3.6,7
紧绷,3.8,7.2
腐朽,2.8,4
腐臭,3,4.4
腐败,2.4,5.6
腐烂,2.6,4.8
认可,5.8,4
误,3.6,4
误会,3.2,5.4
误解,3.4,5.6
说谎,2.6,5.4
豪爽,7.2,6.8
豪华,6.8,5.8
轻快,6.2,4.8
轻忽,3.8,5.2
轻视,3.2,5.6
轻蔑,2.6,6.8
轻松,6,2.2
远离,4.4,3.8
鄙,2.8,6.2
酷刑,2,8.2
酷爱,8,7.2
酸,4.6,4.8
酸甜苦辣,4.8,5.2
铭印,5.8,6.2
肮脏,3.2,4.6
鼻酸,3.4,6.4
僵化,3.8,4
僵住,3.8,3.6
僵冷,3.6,3.4
僵局,3.8,4.2
僵持,3.4,5.6
僵硬,3.4,5.4
剧烈,4.6,8.2
唠叨,3.8,5.8
恶,2.4,6
恶心,2.2,6.8
堕落,2.4,6.2
妩媚,6.6,5.6
嬉笑,5.8,5.6
娇弱,3.8,3.4
宽大,6.2,4.2
宽容,7,3.2
德行,6.6,3.2
庆功,7,7.2
庆生,6.4,6.4
庆幸,6.4,6
庆贺,7,6
忧心,3.6,6
忧患,3.2,5.4
忧劳,3.6,5.6
忧伤,3,5.6
忧愁,2.8,5.4
忧烦,3,5.4
忧虑,2.8,6.2
忧郁,2.4,4.8
憎,2.2,6.8
怜惜,4.6,4.8
愤,2.6,7.6
挚情,7.2,5.4
挚爱,7.8,6.2
挚诚,7.6,6
撒谎,3.2,5.2
抚育,6,3.8
敌视,3,6.6
敌意,3.4,6.4
敌对,2.8,7
暴力,2.2,7.8
暴怒,1.8,8.4
暴躁,2.8,8
乐,6.6,5.6
乐子,6.2,4.2
乐不,5.2,4.4
乐天,6.8,4.6
乐在其中,7,5.6
乐此,6.4,5
乐而,6.2,4.4
乐得,6.2,4.4
乐善,6.4,4.4
乐园,6.4,5.4
乐极生悲,2.8,6.8
乐趣,6.4,5
乐观,7,5
叹为观止,6.6,7.6
毅然,5.8,6.4
洁净,6.2,4.6
热切,6.2,6.4
热烈,6.4,7.6
热衷,6.4,6.4
热情,6.6,6.4
热望,6.2,6
热泪盈眶,5,7.6
热闹,6.4,6.6
奖,6.8,5.2
奖助,7,5.2
奖杯,7.4,5.4
奖状,7.4,5.2
奖金,7.6,5.6
奖品,7.4,5.6
奖章,6.8,5
奖牌,6.8,5.2
奖赏,6.6,5.4
奖学金,7.4,5.6
奖励,7,5.2
确定,6.2,5.2
确信,6.2,5.4
穷,3.6,4
穷困,3,4.2
糊涂,3.8,3.6
缓和,5.2,3.2
蔑视,2.6,6.6
冲突,3.4,6.8
冲击,3.2,7.2
调皮,5,4.8
调戏,3.6,6.2
贱民,2.2,7.6
贱骨头,1.8,7.8
质疑,3.6,5.6
辉煌,7,6.2
适宜,6.4,5
适时,6.2,5
适当,6.2,4.6
遭受,3.6,5.8
铤而走险,3,7
震怒,2.4,8.2
震颤,3.2,7.4
震惊,3.6,7.4
霉运,2.8,5.4
养育,6.2,4
魄力,7,6.2
魅力,7.2,5.6
懊悔,3.4,6.4
懊恼,3.2,7
战火,3,6.8
战争,3,7.2
战斗,3,7
战胜,7.4,7.4
战乱,3,7.2
拥抱,6.4,5.6
拥护,6.4,6
擅长,6.2,5
操心,3.8,5.6
操守,5.2,3.8
操劳,3.6,5.2
担保,5,4.8
担忧,3.6,4.8
整齐,6.6,4.2
整洁,6.8,4.2
机敏,7,5.6
机警,7,6.4
机灵,7,6
激怒,2.6,7.8
激动,4.8,7.8
激情,5.4,7.4
激励,7.2,6.8
独自,4.2,3.2
独创,6.2,4.2
瘸,3.4,3.6
积极,6.6,6.6
罹难,1.8,7
腻,3.6,4
兴旺,6.8,5.6
兴致,6.2,6
兴趣,6.6,5.4
兴奋,7.4,7.2
融洽,7.4,5
褫夺,2.6,7.4
亲,6.6,5.8
亲吻,7.2,7.4
亲和,7,4.4
亲密,7.6,6.2
讽刺,3,6.8
诺言,6.8,5.8
谋杀,1.6,7.8
踊跃,6.8,6.8
蹂躏,2.2,7.6
输家,3,5
输掉,3.4,5.2
迟到,3.8,5
迟钝,3.6,3.6
迟疑,3.6,4.8
遗弃,2.8,5.8
遗憾,2.6,4.8
错,3,4.8
错乱,3,6.2
错误,3.2,5.6
头昏,3.2,4.6
默哀,2.2,4.2
优,6.8,5.4
优秀,7.6,6.6
优良,7.6,6.2
优柔寡断,3.2,4.6
优美,6.8,5.4
优胜,7.6,6.8
优惠,6.8,6.2
优雅,6.8,5
优势,6.8,6
优点,7,5
吓,3.6,6.8
压力,2.6,6.8
压抑,2.6,5.4
压制,3.6,6
压迫,2.8,7.2
尴尬,3.8,4.6
懦,3.2,4.2
击,4.8,6.6
击败,6,6.8
滥用,3,5.6
滥情,3,6.2
灿烂,6.6,6.4
获胜,7.8,7.2
获奖,7.8,7
瞧不起,3.2,6.2
糟,3.4,4.4
糟糕,3.2,5.2
糟蹋,2.4,7.2
繁琐,3.8,5
绷紧,4.2,7.2
聪明,7,4.8
胆小,3.6,4.6
胆怯,3.2,5.2
胆量,5.4,4.6
胆战心惊,2.8,7.6
艰困,3.2,6.6
艰辛,3,6.4
艰苦,3,6.6
艰深,3.4,6.4
艰巨,3.2,7.2
艰险,3,7.8
艰涩,3.2,7.2
艰难,3.2,7.2
亏损,3.2,5.6
亵渎,2.4,7.6
谢天谢地,7.4,7.4
谢意,6.2,6
丑,3.6,3.8
鲜明,6.4,5.4
鲜美,6.2,5.4
向往,6,5
简洁,6.2,4.8
谨慎,6.4,4.2
蹋,2.6,7.2
镇定,5.4,2.8
镇静,5.4,1.8
镇压,3,7
杂乱,3.6,5.6
松懈,3.6,4.2
坏人,3.4,5.4
坏心,3.4,6
坏死,2.8,5
坏事,3.4,5.2
坏处,3.4,5
坏话,3.4,5
坏运,3,5.6
宠爱,6.8,5.6
惩罚,3.4,6.2
懒惰,3.4,4
懒散,3.6,3
怀乡,5,4.6
爆发,4.2,7.6
痴迷,3.8,6.8
稳健,7,5.2
赞同,7,5
辞职,4,4.8
难吃,3.4,5.8
难堪,3,6.4
难过,3,5.6
难闻,3.6,5.6
难熬,2.6,7.2
难题,3.6,5.2
愿,6,5
骗,3.4,6
严重,3.2,7
严峻,3,7.6
严格,3.8,6.8
严酷,2.8,7.6
严厉,3.8,7.4
宝贵,7,5
竞争,5,6.6
耀眼,6.6,6.4
触目惊心,2.6,8
触怒,2.8,7.4
触景伤情,2.8,6.2
赢取,6.4,6
赢钱,6.6,6.2
骚动,4,6.6
骚扰,3.4,6
惧怕,2.6,7.2
烂,2.8,5.6
牺牲,3.6,6.6
缠身,3.6,6.2
缠讼,3.6,5.6
缠绵,6.8,6.6
蠢,3,5.2
护,6,4.4
踌躇,4.2,4.8
顾虑,4.2,4.6
欢天喜地,8.2,7.8
欢心,7.2,6.6
欢呼,7.2,7.2
欢欣,7.2,7
欢笑,7.4,6.8
欢喜,7.4,6.8
欢愉,6.6,6.8
欢乐,7.2,6.8
欢声,7.2,6.2
欢欢喜喜,8,6.8
颤抖,3.2,6.8
骄傲,4.8,6.4
脏,3.2,4.6
搅乱,3,6.6
变味,3.4,5.2
变动,4.8,6
变质,3.4,5
惊,4.8,7
惊人,4.8,7.6
惊心,4.6,7.6
惊呆,4.4,7.8
惊奇,6.2,7.4
惊怕,3.6,7
惊恐,2.8,7.8
惊悚,2.8,7.8
惊异,3.8,7.2
惊讶,5,7.2
惊喜,7.2,7.4
惊愕,3.6,7.4
惊慌,3.2,7.6
惊叹,5.4,7.6
惊疑,4,7.2
惊叹,5,7.6
惊险,4,7.6
惊骇,3.2,7.8
惊吓,3,7.8
惊扰,3.4,6.8
体面,6.4,5.4
体贴,7,5.6
体会,6.4,4.4
体谅,6.6,4.8
灵巧,7.2,4.8
灵活,6.8,4.2
灵敏,6.6,4.2
灵感,6.2,4.2
龌龊,2.2,8
赞,7.6,5.6
赞不绝口,8.2,8
赞佩,7.8,7
赞叹,7.6,7.2
赞叹,7.6,7.2
赞赏,7.8,6.8
郁,3,4.8
贪污,1.8,7.6
进行,5.4,3.4
举行,5.6,3.8
发展,6.2,4.2
参加,5.4,4.2
增加,5.8,4
合作,6.4,4.2
接受,5.6,3.6
成为,5.4,3.8
完成,6.4,5
获得,6.2,4.2
通过,6.4,4.4
特别,5.8,4.2
了解,5.6,3.6
重要,6,5.6
建设,6.2,3.8
管理,5.4,3.2
改革,6.2,5.4
开放,6.2,4.6
成长,6.8,4.8
正式,5.4,4.2
准备,5,3.8
开发,5.8,4.6
说明,4.8,3.4
联合,5,4
经营,5.8,4
机会,6.2,4.4
生产,5.8,4
专家,6.2,4.2
努力,6.8,5.8
注意,5.6,4.6
达成,6.4,5
负责,6,4.2
资源,5.4,2.8
公开,5.4,3.8
稳定,6,3.4
提高,5.8,5
能力,5.6,3.2
达到,5.8,5
法律,4.6,3.6
重视,5.6,5.6
协调,5,4.2
全面,5,3.6
考虑,4.6,3.8
健康,6,4
实际,5,3.2
全力,5.8,5.4
拥有,5.6,4.2
必要,5,5.4
经验,5.6,3.2
促进,6.2,5.4
艺术,5.6,2.8
独立,5.6,3.4
训练,5.2,4.2
提升,6,4.8
卫生,5.8,3.2
明显,5.6,3.8
知道,5.4,3.2
符合,6,3.4
坚持,6.2,5.2
给予,5.8,4.2
正常,5.8,3.4
权益,5.2,3.8
地位,5.4,3.8
很多,5.6,4.2
音乐,5.2,3
良好,6.8,4.2
承认,5,3.8
高级,6.2,4.4
学习,5.6,3.8
福利,6.6,4
自然,5.2,3.4
通知,5,3.4
明确,6.2,3.4
真正,5.4,3.6
确实,5.4,3.6
公平,5.8,4
充分,5.8,4.4
得到,5.6,4
规范,5.4,3.4
一致,5.2,3.6
合理,5.8,3.6
支援,5.6,4.2
主动,5.8,5
掌握,5.2,4.2
纪念,5.6,3
容易,5.6,3.2
领先,6.4,5
安定,5.6,3.2
财产,5.2,2.4
合法,5.8,3.4
实现,5.8,4
获利,6.6,4.6
防止,4.8,5
创造,6.2,4.4
迅速,5.8,4.8
进步,6.6,4.8
秩序,5.6,3.4
当然,5.2,4
正确,6.4,4.2
推荐,6.2,4.4
特色,5.6,3.2
实在,5.4,3.4
澄清,4.4,4
繁荣,6.6,4
时机,5.2,3.2
解除,4.8,3.4
批准,5.4,3.2
认同,6.4,4.6
完整,5.8,3.4
伙伴,5.4,3.2
赞成,6.2,4.6
期待,6.2,5.6
增进,5.8,4.4
著名,6,3.6
表扬,6,4.6
遵守,5.2,3
创新,6.2,4.6
享有,5.4,3.6
平衡,5.4,2.8
详细,5.4,3.2
许可,5.4,3.2
方便,6,3.8
自动,5.4,2.8
友好,6.2,4.4
合格,6.4,4
健全,6.2,3.8
固定,5.2,2.8
学会,6,3.4
审慎,5.6,3.8
实行,5.2,3.6
信用,6,3.8
杰出,7.4,5
的确,5.2,3
义务,5,3.2
思考,5.4,3.4
黄金,5.6,3.2
促成,5.8,4.4
习惯,5,3
毫无,4.2,3.2
专门,5.2,3.6
显著,5.4,4.4
慰问,4.2,4.4
清理,4.8,4.2
请求,4.6,4.2
重要性,5,5
平等,5.8,3.4
务实,6,3.6
正义,6.4,4.8
消除,4,4.4
清除,4,4.4
休息,5.2,2.8
成熟,5.8,3.2
理性,5.6,3.2
强大,6.2,5.4
减轻,5.2,3.8
革命,5,6.2
法定,5,3.6
赞助,6,4.2
明白,5,3.8
可行,5.6,4
公正,6.6,4.2
福祉,6.2,3.4
克服,5.2,5.4
助益,6.2,4.4
道德,5.6,3.4
圆满,6.4,4.4
适应,5.2,4
夺得,5.2,5.6
生效,5.6,3.8
期许,5.8,4.6
便利,6,3.4
熟悉,5.4,4
正当,6.2,4
履行,5.2,3.8
凝聚,5.6,3.6
革新,6.2,5.4
友谊,6.4,4
奋斗,6.6,5.8
自主,5.6,4.2
巨大,5.2,4.8
开拓,5.6,4.6
过关,6,5
营养,5.4,3
适度,5.2,3
罕见,5.2,4.2
天然,5.6,3.6
首位,5.8,3.4
让步,4.6,3.6
深刻,5.4,4.6
得奖,7,5.8
致意,5.2,4.2
名誉,6.2,4.2
爱国,6.8,5.8
中和,5.4,2.8
严密,4.8,4.8
突出,5.6,5
理解,5.8,4.2
前进,6,4.2
声望,6,3.8
慎重,5.6,3.8
热心,6.4,5.2
推进,5.2,4.8
愉快,7,4.8
技巧,5.2,3.2
允诺,5.4,3.8
感动,6.2,4.8
良性,6.4,4
清洁,5.2,3.6
便宜,6,3
想象,5.2,3.6
蓬勃,6,5.2
资助,5.4,3.8
警觉,4.6,4.4
发达,6,5
无罪,5.4,4
均衡,5.2,3
分工,5.2,3.2
精密,5.6,3.6
卓越,6.6,4.6
充份,5.6,4
职责,5,3.2
自愿,5,3.8
辅助,5.2,3.6
伦理,5.2,3
互惠,6.4,4
平息,4.8,3.8
及格,6,4
创立,5.4,3.4
节约,5.4,3.4
财富,5.6,3.4
建设性,5.8,3.4
互利,5.8,3.8
切实,5.2,3.6
招待,5.4,4.2
效能,5.4,3.8
谅解,4.8,4
开采,5.2,3.8
生育,5.2,4.4
美化,6,4.2
梦想,6.2,4.6
优质,7.2,4.4
独特,6.4,4.2
留意,4.8,3.6
无疑,5,3.2
理会,5,3.4
约定,5.2,4
缔造,5.4,4.6
赚钱,5.6,4.6
充裕,6.2,4
通用,5.2,3.4
合乎,5.2,3.2
毫不,4.4,3.8
简易,5.6,3.2
绝无,4.6,3.8
精致,6,3.4
光明,6.6,3.8
好事,6.6,3.8
注目,5.2,3.8
免除,5,4
稳固,5.8,3.8
保密,5.2,3.6
乐见,6,4.6
道理,5.2,3.2
改良,5.6,4.2
新鲜,6,3.8
透明,5,3
古典,5.2,2.8
趣味,5.8,4.2
集资,5.2,4
专属,5.6,3.6
敬佩,6.2,4.6
友善,6.6,4
人性,5,2.8
合适,5.6,3.2
天使,6.6,3.8
一流,6.8,4.6
助长,5.4,4.6
严谨,5.2,4.2
吸引力,5.4,3.6
优于,5.4,4.4
互助,5.8,3.6
深切,5,4
好奇,5,4.2
卫冕,6,5
守法,5.8,3.6
充足,5.6,4
崭新,6.4,5
不遗余力,6.2,5.6
特大,5.4,5.2
才艺,5.8,3.4
诚挚,6.4,4.2
准确,5.8,3.6
妥当,5.4,3.4
加薪,6.2,4.6
发觉,5,3
热忱,6,4.8
补足,5.2,3.4
节制,5,3.6
畅谈,5.8,5.4
鼓掌,6.2,5.4
在意,5,3.8
精确,5.8,3.8
矫正,4.8,4
声誉,5.4,4.2
无比,5.4,3.2
无异议,5.2,3
去除,4.8,3.4
实用,5.6,3.8
诚恳,6.6,4
协力,5.8,3.6
发育,5.6,3.6
捐献,6.4,4.6
热诚,6.6,5.2
良心,6,3.4
由衷,5,3.8
清晰,5.4,3.6
夺冠,7,5.8
合法性,5.2,3.8
适任,5.6,3.4
乐于,6.4,4.6
逻辑,5.2,2.8
有名,6,4.2
可取,5.8,3.6
调停,4.8,3.4
赞许,6.6,5.4
非凡,6.2,4
奇异,5.2,4.4
感人,6.2,5.4
在乎,5.6,4.4
远见,6.2,3.8
持久,5.6,4
正规,5.8,3.2
亲近,6.2,3.8
医治,4.8,3.8
人情,5.2,3.4
稳定性,5.4,3
难忘,5.2,4.2
端正,5.6,3.6
修理,4.8,3.8
教养,5.6,3.6
洋溢,6.2,4.6
启发,6,4.2
讨好,4.6,4.4
广阔,6,3.2
礼貌,6,3.4
负有,4.8,3
明了,5.8,3.6
如意,6.8,4.2
吉祥,6.8,4.2
自立,5.8,4.2
晴朗,6.2,4.4
调剂,5,2.8
毅力,6,4.2
精选,6,3.8
亲善,6.4,4.6
勤奋,6.8,5
微妙,5.4,3.2
奋力,6.6,5.4
夺魁,6.6,5.2
决定性,5.4,4.6
详尽,5.6,3.4
风度,6,3.6
茁壮,6.4,4.8
别致,5.8,3.6
特许,5.8,3.8
安然,5.8,3
知性,6,3
求新,6.2,4.4
安泰,6.2,3.6
褒扬,6.2,5.2
无误,5.4,3.2
遥遥领先,7,5.8
多福,6.2,3.8
欢庆,6.8,6
稀少,5,3.6
廉洁,5.8,3.2
可贵,6,3.6
热中,6.4,5.4
自助,5.6,3.8
至上,6,3.6
攻读,5.8,4.4
为荣,7,5.4
恭喜,6.8,5.6
吸引人,6.2,4.6
正统,6,3.8
消退,4.8,4
清明,5.2,3
才华,6.4,4
根除,5,4.8
关爱,6.2,4
客气,5.6,3.6
狂欢,6.6,7
同感,5.2,4
永恒,6,3.8
不懈,5.8,4.6
调和,5.2,3.4
谦虚,6.4,3
奠基,6,3.4
保释,4.2,3.6
学识,6,2.8
积极性,6.2,5.4
品味,5.6,4
胜任,6.2,3.6
逼真,5.6,4.4
细腻,6,3.4
尽情,5.8,4.8
偏袒,3.6,4.8
兼容,5.4,3.2
踏实,6.2,4
流利,6.4,3.6
固守,5.2,3.6
致富,6.4,4.8
有理,6.2,3.6
进取,6.4,4.8
智力,5.4,3
解开,5.6,4.4
升起,5.4,3.8
安乐,5.6,3.4
憧憬,5.8,3.4
创造力,6.4,4.4
忠贞,6.2,4.2
天真,6.2,3.2
不争,4.4,3.4
功德,6.4,3.6
好感,6,4
征服,5.2,5.6
豁免,5.2,4.6
贵族,5.4,2.8
善于,6,4
协作,6,3.8
首肯,5.2,3
吉利,6.8,3.8
斗志,6.8,5.8
相等,5.2,3
自白,5,3.2
兴盛,6.4,5
完好,6,4
名声,5.6,3.2
功绩,6.2,3.8
魔法,5.2,3
出名,6.2,4.8
可信,5.8,3.6
光彩,6.6,4.2
可喜,6.4,4.6
坚固,6,3
光芒,5.4,3.8
遵从,5.4,4.2
流畅,6,3.6
熟练,5.8,3.4
巧妙,5.8,3.6
旗开得胜,7.2,5.8
忍耐,4.6,4.4
正确性,5.8,3.4
好吃,6.4,4.4
助手,5.2,3
过瘾,6.2,4.6
精通,6.4,4.2
白金,5.4,2.8
赞成票,6,3.8
激荡,5.6,6
想象力,5.4,4
爱上,6.4,4.8
美感,6.2,3.8
得力,5.8,3.8
行善,6.8,4.2
不凡,6,4.6
不忍,4.4,4.2
愉悦,6.6,4.6
热力,5.6,3.2
万能,6.4,4.2
满怀,5.6,3.8
安康,6.4,3.4
尊崇,6.6,4.2
贵重,6,3.8
指望,5,3.2
富强,6.8,4.8
好意,6.2,3.6
健美,5.8,3.6
说服力,5.2,3.6
防备,4.6,3.8
细致,5.8,3.4
高歌,6,5
写实,5.4,3.4
正直,6.6,3.8
独一无二,6.4,4.6
发财,6.8,5.8
真爱,6.8,4.8
分寸,4.8,3.4
坚毅,6.4,4.4
紧要,4.6,4
学成,6.2,4.2
出乎意料,5.2,6
分工合作,6.2,4.6
打趣,5.8,4.2
感同身受,5,4.4
义不容辞,6.2,6.2
通俗,5,3.2
防水,5.4,3.2
可靠性,6,3.6
平坦,5.2,2.4
正大,6,3.4
纯真,6.2,3
纯净,6,3
恳求,4.6,5.4
嗜好,5.2,3
喜气洋洋,7.4,5
上等,6.4,3.6
均等,5.2,2.6
高尚,6.4,3.4
独有,5.8,3.6
精细,6,3.6
用功,6.2,5
激赏,6.4,5.8
奋勇,6.4,6.2
生日快乐,6.6,5
无庸置疑,5.4,3.8
富丽,6.4,3.8
赏识,6.2,4.2
激昂,6,6.4
精明,5.8,4
要紧,4.8,5.2
新奇,5.8,4.2
高处,5,2.6
抒发,4.8,3.8
引以为傲,6.6,5.8
谦卑,6.2,3.8
适性,5.4,2.8
崇敬,6.4,4.2
正派,6.4,3.6
规矩,5.2,3
典雅,6,3.4
连贯,5,3
睿智,6.4,3.8
谈恋爱,6.2,5.4
善行,6.4,3.8
宽阔,6,3.6
特级,6.4,4.4
耐性,5.2,3.6
英明,6.6,4
渐入佳境,6.4,4
富足,6.6,3.8
孝行,6.6,3.4
创造性,6.4,4
与有荣焉,6.6,5
雀跃,6.8,6
心动,6.4,5.8
上好,6.4,4.2
机智,6.2,4.2
自如,5.2,2.8
沈着,5.6,3
直觉,5,3.2
人情味,6.4,4
造诣,5.8,3.4
耐用,5.6,3.4
闪烁,5.6,3.4
良善,6.6,3.6
老实,6.2,3.6
相称,5.6,3.2
均匀,5.4,3
消遣,4.4,3.8
群策群力,6.2,4
凉爽,6,4
奋发,6.6,5.4
实用性,5.4,3.2
内行,6.2,3.8
奇妙,5.8,4.2
义无反顾,5,5.4
手艺,5.4,2.8
尽兴,6.2,4.8
问题,4.4,3.4
没有,4.4,3.4
要求,4.6,3.6
无法,4,4
不会,4,4
不能,4,4.2
短暂,4.6,3.6
减少,4.4,3.4
利用,4.8,3.6
超过,5,4.6
不要,4,4.2
下跌,3.2,4.6
避免,4.2,3.8
大浪,5,4.2
透露,5,3.4
不断,5,4.4
限制,4.2,4.2
尚未,4.4,3
降低,4.8,3.6
危机,3.2,5.6
紧急,3.8,5.6
困难,3.6,4
犯罪,2.4,5.4
污染,3,5
地震,3.4,5.2
可望,4.6,4
违反,3.6,4.6
取消,4,4.4
逮捕,4,5.4
不得,4,4.2
停止,4.8,3.6
有意,4.6,4.4
意外,3.4,5.2
下降,4.6,3.8
非法,3,4.2
排除,4.2,4.4
感染,3.2,5
警告,3.6,5
绝对,5,5.6
障碍,4.2,4.2
危险,2.4,6
指控,3.2,6.4
发动,5,4.8
疾病,3.4,4
离开,4.6,4
不可,4,4.2
激烈,4.4,6.8
走私,2.8,5.2
失业,3,4
机车,4.6,3.4
事故,3,4.6
灾害,2.6,5.6
反弹,3.8,5.4
一再,4.4,4
难以,4,4.4
毒品,3,5.2
患者,3.4,4.2
爆炸,3.2,6
歹徒,3,5.4
起诉,3,5.4
贬值,3.6,4.2
绝不,3.4,5.8
拆除,3.8,4.8
风暴,3.2,5.4
突然,4.6,5.2
病人,4,3.4
判决,4.6,4.2
征收,4.6,4.8
刑事,4.2,4.6
武力,3.8,5.2
辩论,4.4,5.8
退出,4.2,4
被告,3.8,3.8
纠纷,3.4,4.6
台独,5.6,6.8
不佳,3.6,4.6
对手,4.8,4
不良,3.4,4.4
自杀,2,6
强制,4.2,6.2
落后,3.4,4.2
难民,3.2,4
困扰,3.6,4.4
不法,3.4,4.2
不明,4,3.4
命令,4.2,5.4
监狱,3.4,4.2
陷入,3.6,4
自我,4.6,3.4
作战,4,5.4
审判,4,4.8
死者,3.2,4.4
赤字,3.4,4.6
遭遇,4,4.8
武装,4.2,4
不如,4.2,3.4
暂停,4.8,3.4
道歉,3.6,4.4
不易,4,3.6
困境,3.6,3.6
不景气,3.4,3.8
异议,4,3.8
控告,3.4,5
癌症,2.6,4.6
复杂,4.2,4
派系,4.4,3.8
删除,4,3.6
危害,3.2,4.8
阻止,4.2,4.8
秘密,4.6,3.4
保守,5,3.6
罢工,4,5.4
过度,4,5.4
不实,3.4,4
撤销,3.6,5
通货膨胀,4,5
尸体,3,3.8
不管,4.4,3.8
火灾,3.2,5.8
脱离,4.2,4.6
迫使,3.6,4.8
搜索,4.4,4.8
游击队,4.8,4.4
废除,4.4,5.6
现实,4.6,3.6
追踪,4.4,3.2
辐射,3.2,4.8
恐怕,3.8,5
绑架,2.6,6
黑道,3.4,5.2
失事,2.6,5.4
异常,3.4,4.2
风波,4.2,4.2
弹劾,3.4,5.4
大雨,4.6,4.8
罚款,3.8,4
判刑,3.4,5
东西,5,2.8
杀害,2,7.2
浪费,3.6,4.6
意图,4.2,3.8
终止,4.2,4.6
无关,4.6,3.6
缩小,4.8,3
争执,3.4,6
差异,4.4,3.4
竟然,4.8,4.8
中毒,2.8,6
政变,3,6
可疑,3.4,5
分离,4.2,4
代价,4.2,3.8
去世,2.6,4
削减,3.8,4.6
子弹,4.4,4
射击,4.6,4.8
故障,3.8,4.2
处置,4.8,4
封锁,4,4.4
洪水,3.6,4.8
缓慢,4.8,3
干扰,4.2,4.2
承受,4.6,3.8
非正式,4.6,4.2
推翻,4.2,5.2
对付,3.8,4.8
轰炸,3.8,6
对立,3.4,5.4
缩减,4,4.2
打压,3.2,6
过多,3.8,4.4
萎缩,3.6,4.4
灾难,3.2,5.6
依赖,5,3.4
中止,4.4,4
阻碍,3.8,4.6
空袭,3,6
感冒,3.4,3.8
倒塌,3.2,5.4
申诉,4.2,4
不予,4.2,3.4
辛苦,4.2,3.8
加重,3.8,4.4
蔓延,4.4,4.8
否决,3.8,5.2
消失,4,4
弊端,2.8,5.4
频繁,5,4.6
敦促,5.2,3.6
高价,5.2,3.8
破产,3,5.6
摆脱,4.4,5.6
延误,3.6,5.2
赌博,3,4.6
不公,3.4,4.8
违建,3.2,4.8
阴影,4,4.4
外来,4.4,4
遏止,4,6
暗示,4.8,3.6
不应该,4,5
致使,4.6,4.4
流亡,3.6,5.8
批发,5.4,3.8
破裂,3.4,5.2
袭击,2.6,6.6
抢劫,2.4,7
打出,4.4,6
丑闻,3.2,5.4
暴动,2.6,6.8
占领,3.4,6.4
神经,4.2,4.2
拖延,4.2,5
制止,4.4,5.8
传染,3.4,5
故意,3.8,5
杀人,1.8,7.2
减弱,3.8,4.2
噪音,3.6,5
开除,3.2,5.8
开枪,2.8,6
扑灭,3.8,6.2
倾销,3.8,5.4
高压,4.2,5
警报,3.6,5
流氓,3.4,5.4
激进,3.6,6.8
燃烧,4.4,4
宣判,4.4,4.6
动乱,3.2,6.2
殴打,2.6,6.8
愤怒,2.6,6.6
垃圾场,3.8,3.6
不顾,3.8,4.4
惨重,2.6,5.4
任意,4.2,4.2
干涉,3.6,4.8
受害者,2.8,4.6
超出,4.2,5.2
占用,3.6,5
罚金,3.6,4.4
可惜,3.6,4.4
自称,5,3.4
禁令,3.6,4.8
冷战,3.6,4.4
沈重,3.8,4.2
延期,4,3.6
肿瘤,3,4.8
抹黑,3.2,5.4
包围,4.2,5
传染病,3.4,4.4
没想到,4.8,4
不成,3.8,3.4
触犯,3.6,5.4
勾结,3.4,5.6
废止,4,5
发烧,3.4,5.2
勒索,3,6.4
欠缺,3.6,4
模糊,4.2,3.6
退回,4,4.8
海洛因,2.6,5.2
孤立,3.6,4.2
侵入,3.4,6
擅自,3.6,5.4
流血,3.6,5.4
危及,3,6.4
失利,3.4,5.4
暴乱,2.4,6.8
倾倒,3.8,4.8
迫切,3.8,5.2
强暴,2,7.2
垄断,3.4,5
辞呈,3.4,4.2
老年,4.6,2.8
驳回,3.8,4.6
吸毒,2.8,6.2
废弃,3.4,5
瘫痪,2.8,5.6
扣押,3.2,5.6
致死,2.2,6.2
太过,4,5.2
倒闭,2.8,5.6
强盗,3,6
相反,4.8,3.8
撤回,4.2,5
减低,4.4,3.2
没收,3.6,4.6
控诉,3.2,5.4
头痛,3.6,5
动荡,3.6,4.8
屠杀,2.2,7.2
差别,4.2,3.4
嫌疑,3.6,4.6
揭露,4,5.2
对峙,4.4,5.2
落选,3.2,5.2
干旱,3.2,4.6
缺席,3.8,4.6
击中,4.6,5.6
猖獗,3,6.4
疑问,4.6,4
陷于,4,4
特权,4.4,4.6
细菌,4,4.2
瑕疵,3.6,3.8
未必,4.6,4
暴露,3.4,5.8
泛滥,3.2,5.6
不肖,3,5.8
瓦解,3.6,5.4
严肃,4.6,4.2
逼近,4,4.2
不清,4,4
贿赂,2.8,5.6
沦为,3.8,4.8
分开,3.8,5
延迟,3.6,4.2
加深,4.6,5
动武,3.4,6
逃生,3.6,6
受阻,3.4,5.8
变革,3.6,6
分割,3.8,5.4
独裁,3,5.8
阴谋,3.2,5.4
谣言,3.6,4.8
逃亡,3,5.8
格外,4.8,4.2
崩溃,2.8,6.8
掩埋,4.4,4.2
行贿,2.8,6.4
告发,3.8,5.4
借口,3.6,4.8
扣留,3.4,5.4
不彰,3.4,5
战场,3.4,5.6
无可,4.4,3.6
拖累,3.6,5.4
误导,3.6,5.2
流浪,3.4,4.4
延缓,4.6,3
抢夺,3,6.6
相差,4.4,3
加剧,4,5.8
避开,4.2,4.8
哀悼,2.6,5.6
漏洞,3.6,4
暴雨,3.6,5.6
过世,2.4,5.2
拥挤,3.8,5.4
肆虐,3.2,6.2
抢走,3.4,5.8
大声,4.6,5.8
监禁,3.2,4.6
囚犯,3,4.6
驱逐,3.2,6
投机,3.6,5
过剩,4.2,4
削弱,4,4.6
烧S,3.2,5.8
伤口,3.6,3.6
暴行,3,6.4
地雷,3.2,5
肥胖,4,3.8
血腥,2.8,5.6
化石,5,2.2
慢性,4,3.6
诽谤,3,6
埋伏,3.8,4.8
下陷,3.6,4.4
窘境,3.6,4.4
挖掘,5,3
规避,4,4.6
闯入,3.2,6.2
突发,4,6.2
动摇,4,5.4
遗失,3.8,4.2
欠佳,3.6,4
投降,3.6,5
不以为然,4.6,4
贸然,4,5.2
退役,5,3.8
浓烟,4,4.2
进攻,4.2,6.2
被害,2.4,6.4
凶手,2.2,6
卷入,4,5
发作,4.2,5.8
拘留,3.6,5.2
蓄意,3.4,6
战役,4.2,4.6
漠视,3.6,3.8
共犯,3,5.4
极度,4.2,6.2
浮动,4.6,4.4
安抚,5,3.2
自认,5,2.8
昏迷,3,5
求助,3.6,5.8
受难者,2.6,5.2
停滞,3.8,3.8
骨折,3.2,5
殖民,4,4
相撞,3,6
严惩,2.8,6.6
反覆,4.6,3.8
警惕,4.4,4.8
好战,4.6,6
恫吓,3,6.6
欺骗,3.2,6
疯狂,4.4,7
撞击,3.6,6.2
次级,4.2,3.6
迟缓,4,4.4
投诉,3.8,5
施以,4.8,3.8
阻塞,4.2,5
抵抗,3.4,6.2
忍受,3.6,5.6
撤退,3.8,5.2
默默,4.8,3
混淆,4,4.2
毁灭性,3.2,6.4
有罪,3,5.4
渗透,4.2,3.6
冲撞,3.6,5.8
丝毫,4.8,2.6
脂肪,5,2.2
无形,5,2.6
限定,5,5
停顿,4.8,2.8
炸药,3.2,5
停业,3.4,4.6
制服,5,2.2
轰动,4.8,6.6
暴徒,2.4,6.2
暗杀,1.8,6
残骸,3,3.6
耗费,4.4,3.4
负荷,4,4.2
未定,4.4,3.6
颠覆,5.2,5.4
居然,4.6,4.6
薄弱,3.6,4
衰竭,3.4,4
大屠杀,1.8,7.2
免职,3,4.8
潜逃,3.4,6
误差,4,3.6
变相,4.8,4.2
担负,4.4,4.6
勾,4,5.6
暴跌,3,5.8
隐藏,4.6,3.2
占据,4,5.4
清算,3.8,5.6
蒙受,3.6,4.6
分化,4,4.2
招致,4,5.2
有毒,3,5.8
犯人,2.6,5.2
酒醉,3.4,5.4
消耗,3.8,4.4
过敏,4,3.8
寒冷,4.6,3
不下,4.4,2.6
不休,4.2,3.8
萧条,3.6,3.6
压倒性,5.2,6.2
追逐,4.8,5.4
赃物,3.2,4
勒赎,2.4,6
包庇,3.4,4.6
罢黜,3.6,5.8
断裂,3.6,5.2
痛心,2.8,6.6
口角,3.4,5.4
过份,3.4,6
触及,4.6,3.8
偏差,3.8,3.8
追捕,4,5.8
灼伤,3.2,5.2
抓住,4.4,4.8
切断,4.2,5
攻占,4.6,5.6
盲目,3.8,4.2
流出,4.8,3.2
婉拒,4.2,3
动手,4,5.2
断绝,3.2,5.8
落入,4,5
感慨,4,3.4
冗长,4,3.2
打入,4.4,3.8
情结,4.8,2.6
呕吐,3.4,6
怎样,4.2,4.4
隐瞒,3.6,4.6
毒气,3,4.6
求救,3.6,6
屈服,3.8,4.6
拜托,4.4,5.2
捕捉,4.2,5.4
过量,3.6,4.8
倾斜,3.8,3.8
未遂,3.4,4
拖欠,3.6,4.4
摩擦,4,4.6
安慰,4.6,3.4
归咎于,3.6,3.8
遏制,4,5.6
质问,3.6,6.2
受挫,3.4,6
危急,3,6.4
狭窄,4.2,3.4
不得已,3.6,4
殖民地,4.2,3.2
暗中,4.2,3.2
|饿,3.4,5
掩饰,4.4,3.2
下手,3.4,4.8
泄露,3.8,4.8
煽动,3.4,6.4
宁可,4.4,3
生变,3.8,4
智障,2.8,4.8
老大,4.8,2.8
共谋,3.8,5.2
发炎,3.8,4.8
较劲,4.4,6.2
得不到,3.8,3.8
挤满,4.2,3.6
不和,3.8,4.2
漫,4.6,3
扰乱,3.8,5.4
受难,3,5.8
假冒,3.8,4.4
不寻常,3.6,3.6
行窃,3,5.6
麻醉,4.2,3.2
纵容,3.6,5.2
专制,3.6,5.6
违章,3.8,5.2
讶异,3.8,5
限度,4.4,3.6
泄漏,3.6,4.4
近视,4.2,2.6
煞车,4.6,3.4
孤儿,4,3.6
炸毁,3,6.6
激战,4,7
议论,4.4,5
穷人,3.6,3.2
出卖,3,4.8
余地,4.4,4.2
屠宰,2.8,5.6
不合时宜,3.8,3.6
低潮,3.8,3.2
毛病,3.8,3.8
作秀,3.8,4.2
践踏,3.8,5
宁愿,4.8,2.8
遇刺,2.8,5.8
无家可归,3.4,4.4
失调,3.8,3.6
猥亵,2.8,5.4
野心,5.2,5.4
背信,3.2,6.2
侵蚀,3.4,4.4
牵制,3.8,5.2
囚禁,3,6
杀人罪,1.8,6.8
惨案,2,6.4
清寒,3.8,3.8
失效,4,4
铲除,4,5.4
匮乏,3.6,4.4
黑暗,4,3.6
突袭,3.8,5.2
窃贼,3.1,5.2
错失,3.5,6.4
紧迫,4.3,7.6
陷阱,3.3,5.5
悄悄,5,2.4
牲畜,3.4,5.4
通牒,3.6,5.9
剔除,4.3,4.6
犯规,3.5,5.6
唾弃,2.8,5
查禁,4.5,4.1
不切实际,3.6,4.5
垮台,2.7,6.3
放射,5,3.7
劝阻,5.3,5.4
病菌,3.6,3.5
塌陷,3.4,5.2
沈默,4.7,2.2
潜入,4.5,3.3
定罪,4.1,4.7
牵连,4,4.3
施暴,2.6,7
苦难,3,4.6
裂缝,4.2,2.9
劝告,4.9,4.2
内情,4.9,3.5
泄密,3.1,5.3
劣势,3.5,4.5
剥削,2.8,6.2
逼迫,3,7
复发,3.6,4.7
困在,3.6,4.6
麻w,4.1,3
尖锐,4.3,3.1
不理,4.2,3.1
碰撞,4.3,4.4
堵塞,4,4.1
出轨,3.2,6
干燥,4.8,1.8
权宜,5.3,2.8
曲折,3.9,3.7
否决权,4.9,2.8
烧伤,3.6,5.1
拚命,5.2,7.5
迷信,4,3.6
败北,3.4,5.6
震动,5,3.8
逐出,3.3,5.8
损毁,3.4,5.5
欲望,4.8,5
己见,5,3.1
攻击性,3.4,5.6
责难,3.6,4.9
冷漠,4,2.8
逃跑,3.5,5.8
蛮横,3.3,5.8
畏惧,3.3,5.3
砍伤,2.9,6.5
图谋,4.2,3.9
灌输,4.8,2.9
围殴,2.8,6.4
没有用,3.2,4.1
枯竭,3.9,2.7
逃犯,3.6,4.6
过早,4.5,3.3
坟墓,4.3,2
催促,4.5,5.3
走下坡,4,3.6
松散,4,3.2
脱落,4.2,3
中伤,3.3,6
赶出,3.9,5.3
不肯,4.5,4.3
喷出,4.9,4.5
夸张,4.5,6.2
竞争者,5.4,3.2
不予置评,4.4,2.8
犯错,3.9,4.1
废物,2.9,6
宰杀,4,5.3
鼓动,4.7,5.3
海难,3.1,5.9
落泪,4.4,5
鲨鱼,4.5,4.6
有碍,4.2,3.7
扼杀,3.1,6.2
饮恨,3.8,5.8
征服,5.9,6.8
顾忌,4.6,4.3
流言,4.1,3.9
讨价还价,4.3,4.9
侵吞,3.4,5.8
上吊,2.2,6
觊觎,4,3.9
昏倒,3.6,3.9
失血,4,4.6
关押,3.7,4.6
虚伪,3.1,4.2
赌注,4.8,2.7
引咎,4.4,3.9
逼使,3.5,6
行骗,3.3,5.1
饥荒,2.9,4.5
毁谤,3,6
压倒,4.3,5.8
盗窃,3,5.5
埋葬,4,3.5
难看,3.4,3.6
徒然,4.4,3.6
掠夺,2.7,6.5
诱骗,3.1,5.4
强盗罪,2.7,5.6
不甘示弱,5.3,6.3
轻率,4.1,3.7
横渡,5,3
隐密,5,1.9
不知去向,4.3,2.7
丢掉,4.4,3.2
杂物,4.6,2
恶习,3.6,4.1
新手,4.8,2.2
不智,3.7,3.9
着火,3.3,6.4
破洞,4,3.3
急切,4.9,6.5
沉默,4.9,1.6
混沌,4,3.9
劣质,3.4,4
不好意思,4.5,3.6
一蹶不振,2.8,4.1
游荡,4.3,2.9
寄生虫,3.4,3.9
造假,3.4,4.7
击溃,4.9,5.5
避重就轻,3.9,4.3
失序,3.8,4.5
荒废,3.6,3.6
劳累,3.9,3.1
电击,4.4,5.1
挑拨,3.6,5.1
下狱,3,5.2
遭殃,3.5,5.3
反常,4.2,3.5
奸淫,2.8,6.1
自认为,4.3,4.5
狂风,4.8,5.3
鲜艳,5.5,3.5
清秀,5.8,2.7
恋恋,5.7,4.2
敬礼,5.6,2.6
责任心,6.7,3.3
柔和,5.5,1.8
朴素,5.3,1.6
安祥,5.7,1.6
魔力,5,3.7
不屈不挠,7.1,6.1
奋起,6.4,5.8
率直,6,3.6
欢腾,6.7,5.9
节俭,6,2.3
寓意,5.2,2.1
快快乐乐,7.1,5.5
合意,5.7,3.6
接济,4.9,3.1
苦思,4.5,3.4
间歇,5.2,2.8
柔情,5.9,2.4
稳重,6.1,2.5
热恋,6.5,6
爱国心,6.5,4.7
可敬,6.4,4.7
搀扶,5.7,2.5
英雄式,6.5,5.5
光泽,5.2,2.3
满载而归,6.9,5.6
喝彩,6.7,6.2
奋不顾身,6.3,6.6
取悦,5.6,4.2
井然有序,6.2,3.5
多才多艺,6.3,3.8
好学,6.2,3.7
安详,5.5,2.5
追根究底,5.6,5
善举,6.2,3.2
钟情,5.9,4.1
志气,6.6,4.8
直截了当,5.5,5.2
中肯,6,4.6
尽如人意,6.6,4.9
出众,6.8,4.8
肥沃,6.1,3.7
好客,5.7,4.6
德高望重,7.2,5.2
富于,6.1,4.5
干劲,6,6.1
清高,5.9,2.8
全神贯注,6.3,4.6
凉快,5.8,3.6
富丽堂皇,6.1,4.2
锻炼,5.6,4.4
哲人,5.7,2.6
富饶,6.5,3.5
无庸,5.3,2.4
相宜,5.4,2.7
谈笑风生,5.6,3.7
快活,6.4,5.2
温文,5.7,2.1
羡煞,5.8,5.2
心安理得,5.8,2.8
嘟嘟,5,2.4
大喜,7.4,7
甘美,6.5,3.9
暖意,6,3.2
互敬,5.8,3.3
乐不可支,7.4,7.2
恒久,6.1,2.9
脱俗,6,2.9
伊甸园,6.3,4.6
甘甜,5.9,3.5
溺爱,4.2,3.6
才气,5.9,3.3
一见钟情,6.4,6.2
缔造者,5.6,2.9
慈悲为怀,6.2,2.7
合群,5.6,3.2
大无畏,6.1,5
含笑,5.6,3.9
圣徒,5.6,2.2
繁盛,6.5,4.4
乐事,6.3,4.8
聪慧,6.7,3.1
安适,5.6,2.7
贤明,6.7,2.9
心旷神怡,6.5,3.8
真确,5.3,2.5
洋房,5,1.4
夸奖,6.3,5.2
堂皇,6.2,3.4
明理,6.2,3.1
偿清,5.5,3.2
顺眼,5.8,2.7
和蔼可亲,6.2,3.2
夺取,2.4,7.5
困窘,3.2,5
紊乱,3.7,4.8
打死,1.8,8.2
驱散,3.8,5.2
碎片,3.9,4.2
废墟,3.5,4.1
短少,3.6,3.4
横行,3.5,5.5
粗糙,3.8,3.3
险境,2.8,5
围困,3.4,5.8
威吓,2.7,7.5
大意,4.1,5.2
没办法,4.2,4.4
迟滞,3.5,4.2
击退,5.5,6.9
谣传,4.3,5.2
爆破,4.2,7.1
粉碎,3.9,6.5
暴风雨,3.7,7.3
大乱,3.2,7.6
退缩,3.6,4.3
负数,4.7,2.8
出没,4.8,3.1
过节,3.7,5
愤慨,2.8,7
诱惑,4.3,5.8
刁难,3,6.8
腐蚀,3.5,4
疑云,4.2,3.7
闷热,4.2,3.2
对不起,2.9,5.2
背离,3,4
争辩,3.3,6.9
失常,3.2,6.1
解雇,2.4,6.6
微弱,3.8,4
搜捕,4.2,6.3
三八,3.9,5.9
阴雨,4.1,2.4
老是,4.7,3.8
不大,4.9,3.4
火爆,3.1,7.9
两难,3.6,5
灭绝,2.2,6.6
分隔,4.3,4.2
忧心忡忡,3.4,6
唯恐,3.6,5.4
隔绝,3.7,4.6
一面倒,3,5.8
撞死,1.7,7.8
苦心,3.8,4.8
窃听,3.7,5.3
困惑,4.2,4.8
潜藏,4,4.5
分赃,2.4,4.8
未知数,4.6,3.1
偷偷,3.8,4.1
刻板,4.3,3.3
捏造,3.7,5.8
嚣张,3.3,6.9
束手无策,3.7,5.7
躲藏,4,3.8
散落,4,3.3
烈酒,4.2,4.4
何必,4.4,4.3
咬伤,3.7,5.6
堪虑,3.7,5.7
告诫,4.3,5.7
欺负,3.3,6.5
推诿,3.7,5.4
恶作剧,3.5,6.3
俘虏,3.4,3.8
复杂化,4,5
想不到,4.2,5.2
造谣,3.4,5.9
潜伏,4,3.8
恶质,2.7,6.2
一意孤行,3.4,5.9
霸占,3.1,6.7
乏人问津,3.6,4.7
辜负,3.6,5.1
退场,4.1,4.4
塞人,4.1,4.8
偏颇,3.7,5.5
怨言,3.4,5.9
计较,3.8,6.1
无名,4.6,4.4
爆炸物,4,7.1
暴发,3.9,7.7
置之不理,3.5,5.8
姑息,3.8,5.7
玩弄,3.4,6.4
伪装,4.1,5.3
沈没,3.3,4.7
凝重,3.4,5.3
责怪,3.5,6.6
用尽,4,5.5
伏击,3.9,6.9
逆境,3.3,4.6
不义,3.5,5.3
作假,3.4,5.3
敬陪末座,3.5,4.9
走失,3.2,6
救命,3.4,8.1
不值,3.6,6.2
耻辱,3.2,6.7
论战,3.6,6.5
不欢而散,3.1,5.9
低下,3.8,4
痉挛,4.3,4.7
无依,3.6,3.2
强加,4.3,6.1
突如其来,4.8,5.5
低姿态,4.4,4.1
诽谤罪,3.3,5.9
头晕,3.8,4.6
拘留所,4,4.4
被俘,3.1,5.4
改头换面,6.2,5.9
情愿,6.2,5.2
有效性,5.8,5.3
留情,5.7,4.3
互助合作,7.1,5.1
刻苦,6.4,5.8
顺从,6,5.2
当心,5.1,5.5
群情激愤,3,8.2
忏悔,4.3,6.3
第一流,8.4,7.2
吃苦,4.2,5.8
至高,7,6.6
抒情,5.9,3.3
诱人,6,6.1
清澈,6.3,4.6
有礼,6.9,5.4
知觉,5.6,4.6
冲劲,6.8,7
窝心,7,5.4
戒除,6.3,5.9
圣人,7.4,4.5
学好,6.2,4
甘愿,5.9,4.4
雄伟,6.2,5.9
韵味,6.5,4.3
雅量,7.2,4.3
诚心诚意,7.3,5.2
谈笑,6.9,5.4
芬芳,6.6,3.8
滋养,6.7,4.4
道谢,7,5.6
耐劳,6.3,5.6
施舍,4.9,4.9
安眠,5,2.7
悦耳,6.6,4.9
安身立命,6.4,4.1
酬谢,6.5,5.9
光滑,5.6,3.7
勇猛,7,6.7
安身,5.9,3.9
器重,6.8,6.4
痛快,6.4,7.3
一笑置之,6.4,4.7
赏心悦目,6.8,5.6
情深,6.7,6.7
意气风发,6.9,7.1
引以为荣,7.2,6.6
无懈可击,7.9,7.2
气派,6.7,6.4
幽默感,7,5.7
学以致用,6.9,5
诗意,6.2,3.5
舒畅,7.3,5.9
会心,6.2,4.8
心甘情愿,6.7,4.9
香甜,6.7,4.2
庄重,6.6,4.7
照耀,5.8,4.9
精确度,6,4.1
抒解,6.1,4.9
懂事,6.5,4.7
夸耀,5.6,6.6
平心静气,5.5,3.7
恭敬,6.2,5.3
宽厚,6.8,4.4
不偏不倚,6.2,4.3
消散,5.7,3.3
洋洋,6.1,4.6
互爱,7,6.2
情不自禁,6.3,7
纤细,5.8,3.5
勤勉,6.6,4.4
热热闹闹,6.6,6.6
完满,7.4,6
畅快,7.1,7
彬彬有礼,7.3,5.6
聪颖,7.5,5.4
工整,6.7,4.1
开化,6.4,4.6
先见之明,6.6,5
兴冲冲,6.5,6.7
丰饶,6.9,4.7
知耻,6.3,5.8
奇迹,7.4,7.2
希冀,6.3,6.3
刚毅,6.5,6
痴情,6.8,6.3
红润,6.3,4.9
望子成龙,6.7,6.1
圣洁,7.1,5.6
温顺,7.1,4.9
爱抚,6.8,5.9
匀称,6.3,4.8
有说有笑,6.8,6.5
决断力,6.6,5.1
繁茂,6.8,4.8
渴盼,6.3,7
超凡,7.4,6.9
豁然开朗,7,7.3
熟虑,5.9,5.1
有意义,6.7,5.3
痴痴,6.1,5.5
谦恭,6.7,4.7
从容不迫,6.7,3.8
苦修,5.2,5
牢靠,6.2,5.1
形影不离,6.4,6
平心,5.8,3.4
妙计,6.6,5.2
侠义,7.2,6.3
漂漂亮亮,7,6.8
讨人喜欢,7.4,5.9
担待,6.4,4.6
丰腴,6.5,4.5
深谋远虑,7.3,6.2
自得其乐,6.8,6.4
留神,5.9,5.2
雅致,6.2,4.9
醉人,6.1,6
飞黄腾达,7.9,7.9
缝补,5.7,3.6
游街,4.2,3.8
过时,4,4.3
收买,3.8,4.7
魔鬼,2,6.3
何不,4.9,3.7
梦魇,2.1,6.9
烫伤,3,5.1
弊病,2.8,5.4
困难重重,2.1,6.9
失明,2.1,5.5
游击,5.1,4.2
惨痛,1.7,8.1
惨败,1.7,8.1
追赶,5.1,4.3
冲出,5.8,5.2
溃疡,3.3,5.9
破碎,2.9,6.5
谎言,2.8,4.2
裂痕,3.2,5.2
推挤,3.5,4.8
未雨绸缪,6,5
暴风,3.5,6.2
瓜分,4.1,4.6
烟雾,4.6,3
骚乱,3,6
擦伤,3.7,4.1
残废,1.8,6.5
辗转,4.5,3
退学,2.8,5.2
藐视,3,6.2
纠缠,3,5.4
束缚,3.6,4.7
偷工减料,3,6
暧昧,5.7,5
闹事,2.9,5.6
辩解,3.6,4.9
梗塞,3.3,4.6
偿付,4.5,3.5
凌虐,1.9,6.8
渺茫,3,3.8
逊色,3.7,4
追诉,4,3.8
偏袒,3.9,4.8
委屈,3.4,4.6
加害,2.3,5.9
休克,2.4,5
独裁者,3,6
文盲,3.5,4
不许,3.5,5
征税,4.4,3.1
撕毁,3.3,5.4
退步,3.4,4.1
最低,3.5,4.3
冲动,4,6.2
忍耐,4.5,4.7
人身攻击,2.6,5.9
后退,4,3.1
抵消,4.8,3.3
虚假,3,4.2
窜改,3,4.2
冒充,3.1,4.4
挫伤,3.4,4
撕裂,2.7,5.6
毒害,1.9,5.8
乞丐,2.8,4.7
一厢情愿,4.6,4.1
作祟,3.9,3.7
沈寂,3.8,2.3
杀戮,1.6,7.5
阻隔,4.2,3.5
欺压,2.7,5.3
军阀,3.7,4.2
僵持不下,3.4,5.3
摇摆,4.3,2.9
传染性,3.2,3.5
失手,3.1,4.9
罢了,3.8,4.8
敲诈,3,5.1
拉出,5,2.9
斥责,2.6,6.3
内斗,2.7,5.4
未知,4.6,2.2
重击,2.5,6
简陋,3.8,3.4
枪声,3.4,4.4
罢课,2.8,6.1
幼稚,3.4,3.9
根绝,3.8,4.8
未加,4.4,3
畸形,2.8,4.7
吵架,2.9,6
割伤,3.5,4.9
误认,4.1,3.2
发泄,3.8,6.5
战败,2.4,6.5
出乎,5.1,3.2
摇晃,4.6,3.2
失落,3,3.3
逃走,3.2,5.4
冀望,6.4,4.6
自立自强,6.2,5.7
敬爱,7.1,5.1
事迹,5.1,2.3
直率,6.5,4.6
芳香,6.4,3
健壮,6.9,4.4
无价,6.2,4.8
报答,6.4,4.9
听话,6,3.3
牢固,6.1,3.6
为傲,7,5.3
学有专精,6.7,4.8
正道,6.7,4.3
兴高采烈,8.3,7.8
天籁,7.5,5.2
稀奇,5.9,5
判断力,5.1,3.2
养活,5.7,4.5
友爱,6.8,4
简朴,6,3.1
易懂,6,3.2
标致,6.3,3.3
出人意表,6.4,5.5
厚道,6,4.5
不亦乐乎,7.1,6.9
安和乐利,7.3,5.4
一帆风顺,7.4,5.4
简明,5.7,3
显赫,6.2,4.8
茂盛,6.2,4.7
最高,7.2,5.6
嬉戏,5,4.9
无敌,8.1,6.8
变好,7,5
才干,5.9,3.6
报喜,7.5,5.8
心平气和,5.7,3
精巧,5.6,3.2
潜心,5.4,2.8
纯洁,6.5,2.8
留心,4.6,3.6
自由自在,6.8,5.3
心仪,6.8,4.7
同情心,5.5,4.2
平整,5.3,2.8
母爱,6.7,3.6
神童,7.2,4.4
颂扬,7.6,5.7
乐此不疲,7.1,7.1
淳朴,6,2.7
会心一笑,6.4,4.7
学成归国,7,5.9
昌盛,7.1,5.6
自信满满,7.9,6.9
丰满,6.8,4.8
端庄,6,3.3
心想事成,7.7,5.9
文雅,6,3.2
自告奋勇,6.6,6.9
报恩,6.3,4.6
无瑕,5.8,3.3
老练,5.4,3.9
兴致勃勃,7.6,7.3
高高兴兴,7.8,7.2
坚韧,6.1,4.4
脸红,5.6,5.2
焕发,5.9,4.4
醉心,5.8,4.9
叮嘱,5.3,4.2
@勤,6.3,5.6
达观,5.5,3.7
多产,5.6,3
虔敬,6.5,3.6
守信,6.6,3.5
喜感,7.2,5.2
有效率,7,4.4
率真,6.3,4.3
自勉,6.2,5
微微,5,2
安好,6.2,3.6
明晰,5.7,3
雄辩,5.4,6.3
恒心,6.5,4.5
奋进,7.4,6.8
轻轻松松,6.6,4.9
谦逊,6.4,3.5
安于,5.3,2.9
心满意足,7.3,5.5
活着,5.7,4.8
惬意,6.6,3.9
温文儒雅,6.3,3.1
传奇性,6.3,4.4
忘不了,5.5,3.9
可亲,5.9,3.9
长进,6.2,4.7
恩人,6.8,3.5
觉察,5.1,3.9
情投意合,6.9,5.2
贤人,6.5,2.7
俘获,5.1,4.2
你侬我侬,6.8,6.2
引吭高歌,6.4,6.9
目眩,4.3,4.2
入神,5.5,3
心心相印,6.7,4.5
称心,6,3.4
肝胆相照,6.5,6.2
甜甜蜜蜜,7.1,6.7
贤淑,6.6,3
言归于好,6.2,4
贞洁,6.2,2.7
废寝忘食,4.9,5.4
独创性,5.7,4.3
稀罕,5.4,4.4
意味深长,5.7,4.5
施恩,6.2,3.7
痴狂,5.7,7.7
虔信,6.2,4.6
入迷,6.1,5.4
有权,5.8,4.8
物廉价美,7,4.9
悠哉,6.4,3.3
练成,5.7,3.4
盛年,6,3.8
安安静静,5.6,2.2
腾跃,7,7
满面春风,7.6,7.1
儒雅,5.9,2.8
安睡,5.6,2.2
爱怜,6.2,3.6
痴心,5.8,6.1
神气活现,7.7,7
贤惠,6.8,3.3
勋绩,7.1,4.8
出神,6.5,4.8
适得其所,6.3,4.3
一吐为快,5.7,6.4
日久生情,6.5,5.4
古雅,6,3
足智多谋,7.7,5.2
顺当,5.7,3.2
谦恭有礼,6.6,3.9
心花怒放,7.2,7.2
切题,5.3,3.1
嘻嘻哈哈,5.6,6.1
抒怀,5.7,3
自满,4.5,5.7
恶行,2.6,5.8
出乎意料,5.7,6.3
奴隶,3.2,4.2
孤独,3.7,2.9
杂草,4.7,2.3
惶恐,3.3,6.8
抹煞,3.8,5.9
一往情深,6.7,6.6
战无不胜,7.9,7.5
惠顾,5.6,4.3
豪勇,6.6,5.8
爱人如己,6.9,5.8
坦直,6.2,4.2
娇美,6.7,3.8
鉴别力,5.4,3.8
心诚则灵,6.3,4.4
妙不可言,6.9,5.6
谐调,5.7,3.6
精神百倍,7.5,7.4